theta_0,theta_1
0.9393189294497382,-1.0035757423969949
